method,path,middlewares,handler,file,visibility
"POST","/register","","adminRegister","src\api\admin\adminAuth.routes.js","admin-internal"
"POST","/login","","adminLogin","src\api\admin\adminAuth.routes.js","admin-internal"
"GET","/overview","","overview","src\api\admin\analytics.routes.js","admin-internal"
"GET","/daily-orders","","dailyOrders","src\api\admin\analytics.routes.js","admin-internal"
"GET","/branches","","branchPerformance","src\api\admin\analytics.routes.js","admin-internal"
"GET","/drivers","","driverPerformance","src\api\admin\analytics.routes.js","admin-internal"
"GET","/","","listBranches","src\api\admin\branch.routes.js","admin-internal"
"POST","/","","createBranch","src\api\admin\branch.routes.js","admin-internal"
"PUT","/:branchId","","updateBranch","src\api\admin\branch.routes.js","admin-internal"
"DELETE","/:branchId","","deleteBranch","src\api\admin\branch.routes.js","admin-internal"
"GET","/:branchId","","getBranchHours","src\api\admin\branchHours.routes.js","admin-internal"
"PUT","/:branchId","","setBranchHours","src\api\admin\branchHours.routes.js","admin-internal"
"PUT","/:branchId/item/:itemId","","setBranchItemPrice","src\api\admin\branchPricing.routes.js","admin-internal"
"DELETE","/:branchId/item/:itemId","","clearBranchItemPrice","src\api\admin\branchPricing.routes.js","admin-internal"
"PUT","/item/:itemId","","setItemAvailability","src\api\admin\inventory.routes.js","admin-internal"
"PUT","/branch/:branchId/item/:itemId","","setBranchItemAvailability","src\api\admin\inventory.routes.js","admin-internal"
"GET","/:branchId","","getBranchLoad","src\api\admin\kitchenLoad.routes.js","admin-internal"
"POST","/:branchId/recalculate","","recalcLoad","src\api\admin\kitchenLoad.routes.js","admin-internal"
"GET","/","","fetchSettings","src\api\admin\loyaltySettings.routes.js","admin-internal"
"PUT","/","","saveSettings","src\api\admin\loyaltySettings.routes.js","admin-internal"
"POST","/category","","createCategory","src\api\admin\menu.routes.js","admin-internal"
"PUT","/category/:categoryId","","updateCategory","src\api\admin\menu.routes.js","admin-internal"
"DELETE","/category/:categoryId","","deleteCategory","src\api\admin\menu.routes.js","admin-internal"
"POST","/item","","createItem","src\api\admin\menu.routes.js","admin-internal"
"PUT","/item/:itemId","","updateItem","src\api\admin\menu.routes.js","admin-internal"
"DELETE","/item/:itemId","","deleteItem","src\api\admin\menu.routes.js","admin-internal"
"POST","/category/:categoryId/image","uploadImage.single('image')","uploadCategoryImage","src\api\admin\menu.routes.js","admin-internal"
"POST","/item/:itemId/image","uploadImage.single('image')","uploadItemImage","src\api\admin\menu.routes.js","admin-internal"
"GET","/","","adminListIssues","src\api\admin\orderIssues.routes.js","admin-internal"
"GET","/:issueId","","adminGetIssue","src\api\admin\orderIssues.routes.js","admin-internal"
"PUT","/:issueId","","adminResolveIssue","src\api\admin\orderIssues.routes.js","admin-internal"
"GET","/","","listPromos","src\api\admin\promo.routes.js","admin-internal"
"POST","/","","createPromo","src\api\admin\promo.routes.js","admin-internal"
"PUT","/:promoId","","updatePromo","src\api\admin\promo.routes.js","admin-internal"
"DELETE","/:promoId","","deletePromo","src\api\admin\promo.routes.js","admin-internal"
"GET","/","","listRewards","src\api\admin\rewards.routes.js","admin-internal"
"POST","/","","createReward","src\api\admin\rewards.routes.js","admin-internal"
"PUT","/:rewardId","","updateReward","src\api\admin\rewards.routes.js","admin-internal"
"DELETE","/:rewardId","","deleteReward","src\api\admin\rewards.routes.js","admin-internal"
"POST","/variant-group","","createVariantGroup","src\api\admin\variantAddon.routes.js","admin-internal"
"PUT","/variant-group/:groupId","","updateVariantGroup","src\api\admin\variantAddon.routes.js","admin-internal"
"DELETE","/variant-group/:groupId","","deleteVariantGroup","src\api\admin\variantAddon.routes.js","admin-internal"
"POST","/variant","","createVariant","src\api\admin\variantAddon.routes.js","admin-internal"
"PUT","/variant/:variantId","","updateVariant","src\api\admin\variantAddon.routes.js","admin-internal"
"DELETE","/variant/:variantId","","deleteVariant","src\api\admin\variantAddon.routes.js","admin-internal"
"POST","/addon-group","","createAddOnGroup","src\api\admin\variantAddon.routes.js","admin-internal"
"PUT","/addon-group/:groupId","","updateAddOnGroup","src\api\admin\variantAddon.routes.js","admin-internal"
"DELETE","/addon-group/:groupId","","deleteAddOnGroup","src\api\admin\variantAddon.routes.js","admin-internal"
"POST","/addon","","createAddOn","src\api\admin\variantAddon.routes.js","admin-internal"
"PUT","/addon/:addonId","","updateAddOn","src\api\admin\variantAddon.routes.js","admin-internal"
"DELETE","/addon/:addonId","","deleteAddOn","src\api\admin\variantAddon.routes.js","admin-internal"
"GET","/","adminAuthMiddleware","getPlatformAnalytics","src\api\adminAnalytics\adminAnalytics.routes.js","admin-internal"
"POST","/login","","adminLogin","src\api\adminAuth\adminAuth.routes.js","public"
"GET","/me","adminAuthMiddleware","adminMe","src\api\adminAuth\adminAuth.routes.js","admin-internal"
"POST","/","adminAuthMiddleware","createBranch","src\api\adminBranches\adminBranches.routes.js","admin-internal"
"PATCH","/:branchId","adminAuthMiddleware","updateBranch","src\api\adminBranches\adminBranches.routes.js","admin-internal"
"DELETE","/:branchId","adminAuthMiddleware","deleteBranch","src\api\adminBranches\adminBranches.routes.js","admin-internal"
"GET","/","adminAuthMiddleware","getGlobalSettings","src\api\adminSettings\adminSettings.routes.js","admin-internal"
"PATCH","/","adminAuthMiddleware","updateGlobalSettings","src\api\adminSettings\adminSettings.routes.js","admin-internal"
"GET","/branch/:branchId","","getAnalytics","src\api\analytics\analytics.routes.js","analytics"
"PATCH","/:branchId","","updateBranch","src\api\branch\branch.routes.js","internal"
"POST","/set-printer","","inline","src\api\branch\printer.routes.js","printer"
"GET","/radius","","getRadius","src\api\branches\delivery\delivery.routes.js","internal"
"PUT","/radius","","updateRadius","src\api\branches\delivery\delivery.routes.js","internal"
"PUT","/radius/enabled","","toggleRadius","src\api\branches\delivery\delivery.routes.js","internal"
"GET","/zones","","getZones","src\api\branches\delivery\delivery.routes.js","internal"
"POST","/zones","","createZone","src\api\branches\delivery\delivery.routes.js","internal"
"PUT","/zones/:zoneId","","updateZone","src\api\branches\delivery\delivery.routes.js","internal"
"DELETE","/zones/:zoneId","","deleteZone","src\api\branches\delivery\delivery.routes.js","internal"
"PUT","/fee","","setFlatFee","src\api\branches\delivery\delivery.routes.js","internal"
"PUT","/fee/distance","","setDistanceFee","src\api\branches\delivery\delivery.routes.js","internal"
"PUT","/minimum-order","","setMinimumOrder","src\api\branches\delivery\delivery.routes.js","internal"
"PUT","/free-delivery","","setFreeDelivery","src\api\branches\delivery\delivery.routes.js","internal"
"PUT","/enabled","","toggleDelivery","src\api\branches\delivery\delivery.routes.js","internal"
"POST","/categories","","createCategory","src\api\branches\menu\menu.routes.js","internal"
"PUT","/categories/:categoryId","","updateCategory","src\api\branches\menu\menu.routes.js","internal"
"DELETE","/categories/:categoryId","","deleteCategory","src\api\branches\menu\menu.routes.js","internal"
"POST","/items","","createMenuItem","src\api\branches\menu\menu.routes.js","internal"
"PUT","/items/:itemId","","updateMenuItem","src\api\branches\menu\menu.routes.js","internal"
"DELETE","/items/:itemId","","deleteMenuItem","src\api\branches\menu\menu.routes.js","internal"
"PUT","/items/:itemId/price","","updatePrice","src\api\branches\menu\menu.routes.js","internal"
"PUT","/items/:itemId/availability","","updateAvailability","src\api\branches\menu\menu.routes.js","internal"
"PUT","/items/:itemId/description","","updateDescription","src\api\branches\menu\menu.routes.js","internal"
"PUT","/items/:itemId/image","","updateImage","src\api\branches\menu\menu.routes.js","internal"
"POST","/items/:itemId/extras","","addExtra","src\api\branches\menu\menu.routes.js","internal"
"PUT","/items/:itemId/extras/:extraId","","updateExtra","src\api\branches\menu\menu.routes.js","internal"
"DELETE","/items/:itemId/extras/:extraId","","deleteExtra","src\api\branches\menu\menu.routes.js","internal"
"POST","/items/:itemId/notes","","addNote","src\api\branches\menu\menu.routes.js","internal"
"DELETE","/items/:itemId/notes/:noteId","","deleteNote","src\api\branches\menu\menu.routes.js","internal"
"POST","/add","","addCartItem","src\api\cart\cart.routes.js","internal"
"GET","/:orderId","","getCart","src\api\cart\cart.routes.js","internal"
"DELETE","/:cartItemId","","removeCartItem","src\api\cart\cart.routes.js","internal"
"POST","/validate","","validateCheckout","src\api\checkout\checkout.routes.js","internal"
"GET","/","customerAuthMiddleware","getAddresses","src\api\customerAddresses\customerAddresses.routes.js","public"
"POST","/","customerAuthMiddleware","createAddress","src\api\customerAddresses\customerAddresses.routes.js","public"
"PATCH","/:addressId","customerAuthMiddleware","updateAddress","src\api\customerAddresses\customerAddresses.routes.js","public"
"DELETE","/:addressId","customerAuthMiddleware","deleteAddress","src\api\customerAddresses\customerAddresses.routes.js","public"
"POST","/request-otp","","requestOtp","src\api\customerAuth\customerAuth.routes.js","public"
"POST","/verify-otp","","verifyCustomerOtp","src\api\customerAuth\customerAuth.routes.js","public"
"POST","/refresh","","inline","src\api\customerAuth\refresh.routes.js","public"
"GET","/","customerAuthMiddleware","getCustomerOrders","src\api\customerOrders\customerOrders.routes.js","public"
"GET","/:orderId","customerAuthMiddleware","getCustomerOrder","src\api\customerOrders\customerOrders.routes.js","public"
"GET","/","customerAuthMiddleware","getCustomerProfile","src\api\customerProfile\customerProfile.routes.js","public"
"PATCH","/","customerAuthMiddleware","updateCustomerProfile","src\api\customerProfile\customerProfile.routes.js","public"
"POST","/select-branch","","selectBranch","src\api\delivery\branchSelection.routes.js","internal"
"GET","/:branchId","","getDeliverySettings","src\api\deliverySettings\deliverySettings.routes.js","internal"
"PATCH","/:branchId","","updateDeliverySettings","src\api\deliverySettings\deliverySettings.routes.js","internal"
"POST","/:orderId","","triggerAutoDispatch","src\api\dispatch\autoDispatch.routes.js","internal"
"GET","/order","","driverAccessOrder","src\api\driverAccess\driverAccess.routes.js","driver"
"POST","/register","","driverRegister","src\api\driverAccess\driverAuth.routes.js","driver"
"POST","/login","","driverLogin","src\api\driverAccess\driverAuth.routes.js","driver"
"GET","/:driverId","","getAvailability","src\api\driverAccess\driverAvailability.routes.js","driver"
"POST","/:driverId","","setAvailability","src\api\driverAccess\driverAvailability.routes.js","driver"
"POST","/claim","","claimOrder","src\api\driverAccess\driverClaim.routes.js","driver"
"POST","/status","","updateDriverStatus","src\api\driverAccess\driverClaim.routes.js","driver"
"POST","/accept","","driverAccept","src\api\driverAccess\driverDispatch.routes.js","driver"
"POST","/decline","","driverDecline","src\api\driverAccess\driverDispatch.routes.js","driver"
"POST","/update-location","","updateDriverLocation","src\api\driverAccess\driverLocation.routes.js","driver"
"GET","/assigned/:driverId","","getAssignedOrders","src\api\driverAccess\driverOrders.routes.js","driver"
"POST","/update-status","","driverUpdateStatus","src\api\driverAccess\driverRealtime.routes.js","driver"
"POST","/:orderId/assign","","assignDriver","src\api\driverAssignment\driverAssignment.routes.js","driver"
"POST","/login","","driverLogin","src\api\driverAuth\driverAuth.routes.js","driver"
"GET","/me","driverAuthMiddleware","driverMe","src\api\driverAuth\driverAuth.routes.js","driver"
"POST","/update","","updateDriverLocation","src\api\driverLocation\driverLocation.routes.js","driver"
"GET","/order/:orderId","driverAuthMiddleware","getOrderNavigation","src\api\driverNavigation\driverNavigation.routes.js","driver"
"GET","/active","driverAuthMiddleware","getActiveOrders","src\api\driverOrders\driverOrders.routes.js","driver"
"PATCH","/:orderId/status","driverAuthMiddleware","driverUpdateOrderStatus","src\api\driverOrders\driverOrders.routes.js","driver"
"POST","/rate","","rateDriver","src\api\drivers\rating.routes.js","driver"
"GET","/:orderId","","getOrderETA","src\api\eta\eta.routes.js","internal"
"GET","/","","health","src\api\health\health.routes.ts","internal"
"GET","/deep","","deepHealth","src\api\health\health.routes.ts","internal"
"POST","/report","","reportIssue","src\api\issues\customerIssue.routes.js","public"
"GET","/queue/:branchId","","getKitchenQueue","src\api\kds\kds.routes.js","kds"
"POST","/update-status","","updateKitchenStatus","src\api\kds\kds.routes.js","kds"
"GET","/:userId","","getLoyaltyInfo","src\api\loyalty\customerLoyalty.routes.js","loyalty"
"POST","/redeem","","redeem","src\api\loyalty\customerLoyalty.routes.js","loyalty"
"GET","/dashboard/:branchId","","getBranchDashboard","src\api\manager\managerDashboard.routes.js","internal"
"GET","/:branchId","","fetchCustomerMenu","src\api\menu\customerMenu.routes.js","public"
"GET","/","","getMenu","src\api\menu\menu.routes.js","internal"
"POST","/","","createMenuItem","src\api\menu\menu.routes.js","internal"
"PATCH","/:itemId","","updateMenuItem","src\api\menu\menu.routes.js","internal"
"DELETE","/:itemId","","deleteMenuItem","src\api\menu\menu.routes.js","internal"
"POST","/","","inline","src\api\order\order.routes.ts","internal"
"POST","/register","","registerCustomerNotification","src\api\orders\customerNotification.routes.js","public"
"GET","/status/:orderId","","getCustomerOrderStatus","src\api\orders\customerTracking.routes.js","public"
"POST","/","validate(createOrderSchema)","createOrder","src\api\orders\order.routes.js","internal"
"PATCH","/:orderId/status","","updateOrderStatus","src\api\orderStatus\orderStatus.routes.js","internal"
"POST","/intent","","createPaymentIntent","src\api\payments\payment.routes.js","internal"
"POST","/cod","","markCashOnDelivery","src\api\payments\payment.routes.js","internal"
"POST","/webhook","","handleStripeWebhook","src\api\payments\payment.routes.js","webhook"
"POST","/apply","","applyPromoCode","src\api\promo\customerPromo.routes.js","public"
"POST","/subscribe","","saveSubscription","src\api\push\push.routes.js","internal"
"GET","/slots/:branchId","","getAvailableSlots","src\api\scheduling\customerScheduling.routes.js","public"
"POST","/schedule","","scheduleOrder","src\api\scheduling\customerScheduling.routes.js","public"
"POST","/","","createStaff","src\api\staff\staff.routes.js","internal"
"PATCH","/:staffId","","updateStaff","src\api\staff\staff.routes.js","internal"
"POST","/","customerAuth","add","src\routes\address.routes.ts","public"
"PUT","/:id","customerAuth","update","src\routes\address.routes.ts","public"
"DELETE","/:id","customerAuth","delete","src\routes\address.routes.ts","public"
"GET","/","customerAuth","list","src\routes\address.routes.ts","public"
"POST","/voucher/create","adminAuth","createVoucher","src\routes\admin\admin.routes.ts","admin-internal"
"POST","/voucher/invalidate","adminAuth","invalidateVoucher","src\routes\admin\admin.routes.ts","admin-internal"
"GET","/voucher/list","adminAuth","listVouchers","src\routes\admin\admin.routes.ts","admin-internal"
"POST","/refund","adminAuth","adminRefundOrder","src\routes\admin\admin.routes.ts","admin-internal"
"POST","/assign","adminAuth","assignCourier","src\routes\admin\adminCourier.routes.ts","admin-internal"
"GET","/location/:orderId","adminAuth","getCourierLocation","src\routes\admin\adminCourier.routes.ts","admin-internal"
"GET","/timeline/:orderId","adminAuth","getOrderTimeline","src\routes\admin\adminCourier.routes.ts","admin-internal"
"PUT","/item/:itemId/kitchen","adminAuth","updateKitchenAssignment","src\routes\admin\adminKitchenAssignment.routes.ts","admin-internal"
"POST","/reprint/:orderId","adminAuth","reprintKitchenTickets","src\routes\admin\adminPrinter.routes.ts","printer"
"GET","/analytics","adminAuth","getPrinterAnalyticsController","src\routes\admin\adminPrinterAnalytics.routes.ts","printer"
"GET","/cloud","adminAuth","listCloudPrinters","src\routes\admin\adminPrinterCloud.routes.ts","printer"
"GET","/fleet","adminAuth","listFleet","src\routes\admin\adminPrinterFleet.routes.ts","printer"
"POST","/fleet/policy/:printerId","adminAuth","setPolicy","src\routes\admin\adminPrinterFleet.routes.ts","printer"
"POST","/fleet/firmware/:printerId","adminAuth","setFirmware","src\routes\admin\adminPrinterFleet.routes.ts","printer"
"POST","/fleet/command/:printerId/:command","adminAuth","sendCommand","src\routes\admin\adminPrinterFleet.routes.ts","printer"
"GET","/observability/traces","adminAuth","getTraces","src\routes\admin\adminPrinterObservability.routes.ts","printer"
"GET","/observability/health","adminAuth","getHealth","src\routes\admin\adminPrinterObservability.routes.ts","printer"
"GET","/observability/anomalies","adminAuth","getAnomalies","src\routes\admin\adminPrinterObservability.routes.ts","printer"
"GET","/queue","adminAuth","getPrinterQueue","src\routes\admin\adminPrinterQueue.routes.ts","printer"
"GET","/security/pending","adminAuth","listUnapprovedPrinters","src\routes\admin\adminPrinterSecurity.routes.ts","printer"
"POST","/security/approve/:id","adminAuth","approvePrinterController","src\routes\admin\adminPrinterSecurity.routes.ts","printer"
"GET","/status","adminAuth","getPrinterStatus","src\routes\admin\adminPrinterStatus.routes.ts","printer"
"POST","/test/:kitchen","adminAuth","runPrinterTest","src\routes\admin\adminPrinterTest.routes.ts","printer"
"GET","/terminals","adminAuth","listTerminals","src\routes\admin\adminTerminal.routes.ts","terminal"
"GET","/terminals/errors","adminAuth","listTerminalErrors","src\routes\admin\adminTerminal.routes.ts","terminal"
"GET","/terminals","adminAuth","adminListTerminals","src\routes\admin\adminTools.routes.ts","terminal"
"POST","/terminals/:terminalId/reset-token","adminAuth","adminResetTerminalToken","src\routes\admin\adminTools.routes.ts","terminal"
"POST","/terminals/:terminalId/assign-kitchen","adminAuth","adminAssignTerminalKitchen","src\routes\admin\adminTools.routes.ts","terminal"
"GET","/branches/:branchId/settings","adminAuth","getBranchSettings","src\routes\admin\adminTools.routes.ts","admin-internal"
"POST","/branches/:branchId/settings","adminAuth","updateBranchSettings","src\routes\admin\adminTools.routes.ts","admin-internal"
"GET","/","verifyAdmin","getAll","src\routes\admin\category.routes.ts","admin-internal"
"GET","/:id","verifyAdmin","getById","src\routes\admin\category.routes.ts","admin-internal"
"POST","/","verifyAdmin","create","src\routes\admin\category.routes.ts","admin-internal"
"PUT","/:id","verifyAdmin","update","src\routes\admin\category.routes.ts","admin-internal"
"DELETE","/:id","verifyAdmin","remove","src\routes\admin\category.routes.ts","admin-internal"
"GET","/","verifyAdmin","getAll","src\routes\admin\deal.routes.ts","admin-internal"
"GET","/:id","verifyAdmin","getById","src\routes\admin\deal.routes.ts","admin-internal"
"POST","/","verifyAdmin","create","src\routes\admin\deal.routes.ts","admin-internal"
"PUT","/:id","verifyAdmin","update","src\routes\admin\deal.routes.ts","admin-internal"
"DELETE","/:id","verifyAdmin","remove","src\routes\admin\deal.routes.ts","admin-internal"
"GET","/","verifyAdmin","getAll","src\routes\admin\extra.routes.ts","admin-internal"
"GET","/:id","verifyAdmin","getById","src\routes\admin\extra.routes.ts","admin-internal"
"POST","/","verifyAdmin","create","src\routes\admin\extra.routes.ts","admin-internal"
"PUT","/:id","verifyAdmin","update","src\routes\admin\extra.routes.ts","admin-internal"
"DELETE","/:id","verifyAdmin","remove","src\routes\admin\extra.routes.ts","admin-internal"
"GET","/","verifyAdmin","getAll","src\routes\admin\item.routes.ts","admin-internal"
"GET","/:id","verifyAdmin","getById","src\routes\admin\item.routes.ts","admin-internal"
"POST","/","verifyAdmin","create","src\routes\admin\item.routes.ts","admin-internal"
"PUT","/:id","verifyAdmin","update","src\routes\admin\item.routes.ts","admin-internal"
"DELETE","/:id","verifyAdmin","remove","src\routes\admin\item.routes.ts","admin-internal"
"GET","/orders/live","","getLiveOrders","src\routes\admin\orderMonitor.routes.ts","admin-internal"
"POST","/capture","adminAuth","capturePayPalPayment","src\routes\admin\paypalAdmin.routes.ts","admin-internal"
"POST","/refund","adminAuth","refundPayPalPayment","src\routes\admin\paypalAdmin.routes.ts","admin-internal"
"GET","/:itemId","verifyAdmin","getItemRelations","src\routes\admin\relation.routes.ts","admin-internal"
"GET","/terminals","","getAllTerminals","src\routes\admin\terminalAdmin.routes.ts","terminal"
"GET","/terminals/activity","validate(getTerminalActivitySchema)","getTerminalActivity","src\routes\admin\terminalAdmin.routes.ts","terminal"
"GET","/terminals/status","validate(getTerminalStatusSchema)","getTerminalStatus","src\routes\admin\terminalStatus.routes.ts","terminal"
"GET","/","verifyAdmin","getAll","src\routes\admin\topping.routes.ts","admin-internal"
"GET","/:id","verifyAdmin","getById","src\routes\admin\topping.routes.ts","admin-internal"
"POST","/","verifyAdmin","create","src\routes\admin\topping.routes.ts","admin-internal"
"PUT","/:id","verifyAdmin","update","src\routes\admin\topping.routes.ts","admin-internal"
"DELETE","/:id","verifyAdmin","remove","src\routes\admin\topping.routes.ts","admin-internal"
"GET","/","verifyAdmin","getAll","src\routes\admin\variant.routes.ts","admin-internal"
"GET","/:id","verifyAdmin","getById","src\routes\admin\variant.routes.ts","admin-internal"
"POST","/","verifyAdmin","create","src\routes\admin\variant.routes.ts","admin-internal"
"PUT","/:id","verifyAdmin","update","src\routes\admin\variant.routes.ts","admin-internal"
"DELETE","/:id","verifyAdmin","remove","src\routes\admin\variant.routes.ts","admin-internal"
"GET","/opening-hours","","inline","src\routes\admin.ts","internal"
"POST","/opening-hours","","inline","src\routes\admin.ts","internal"
"GET","/holiday-overrides","","inline","src\routes\admin.ts","internal"
"POST","/holiday-overrides","","inline","src\routes\admin.ts","internal"
"PUT","/holiday-overrides","","inline","src\routes\admin.ts","internal"
"DELETE","/holiday-overrides","","inline","src\routes\admin.ts","internal"
"GET","/delivery-zones","","inline","src\routes\admin.ts","internal"
"POST","/delivery-zones","","inline","src\routes\admin.ts","internal"
"GET","/me","","inline","src\routes\admin.ts","public"
"POST","/","adminAuth|adminRole(""superadmin"")","create","src\routes\admins.routes.ts","admin-internal"
"POST","/login","","login","src\routes\admins.routes.ts","public"
"POST","/refresh","","refresh","src\routes\admins.routes.ts","internal"
"GET","/","adminAuth|adminRole(""superadmin"")","list","src\routes\admins.routes.ts","admin-internal"
"GET","/:id","adminAuth|adminRole(""superadmin"")","getById","src\routes\admins.routes.ts","admin-internal"
"PUT","/:id","adminAuth|adminRole(""superadmin"")","update","src\routes\admins.routes.ts","admin-internal"
"DELETE","/:id","adminAuth|adminRole(""superadmin"")","delete","src\routes\admins.routes.ts","admin-internal"
"GET","/revenue","adminAuth|adminRole(""manager"")","totalRevenue","src\routes\analytics.routes.ts","admin-internal"
"GET","/orders-per-day","adminAuth|adminRole(""manager"")","ordersPerDay","src\routes\analytics.routes.ts","admin-internal"
"GET","/best-selling-items","adminAuth|adminRole(""manager"")","bestSellingItems","src\routes\analytics.routes.ts","admin-internal"
"GET","/customer-stats","adminAuth|adminRole(""manager"")","customerStats","src\routes\analytics.routes.ts","admin-internal"
"GET","/courier-performance","adminAuth|adminRole(""manager"")","courierPerformance","src\routes\analytics.routes.ts","admin-internal"
"GET","/hourly-orders","adminAuth|adminRole(""manager"")","hourlyOrders","src\routes\analytics.routes.ts","admin-internal"
"POST","/login","","inline","src\routes\auth.ts","public"
"POST","/request-link","","inline","src\routes\auth.ts","internal"
"POST","/admin/request-link","","inline","src\routes\auth.ts","internal"
"GET","/verify","","inline","src\routes\auth.ts","internal"
"GET","/admin/verify","","inline","src\routes\auth.ts","internal"
"POST","/logout","","inline","src\routes\auth.ts","internal"
"GET","/profile/:customerId","adminAuth|adminRole(""manager"")","profile","src\routes\behaviorPrediction.routes.ts","admin-internal"
"GET","/","","inline","src\routes\branches.ts","internal"
"GET","/campaigns","","inline","src\routes\campaigns.ts","internal"
"POST","/campaigns","","inline","src\routes\campaigns.ts","internal"
"PUT","/campaigns/:id","","inline","src\routes\campaigns.ts","internal"
"DELETE","/campaigns/:id","","inline","src\routes\campaigns.ts","internal"
"POST","/campaigns/:id/schedule","","inline","src\routes\campaigns.ts","internal"
"POST","/campaigns/:id/send-now","","inline","src\routes\campaigns.ts","internal"
"GET","/segments","","inline","src\routes\campaigns.ts","internal"
"POST","/segments","","inline","src\routes\campaigns.ts","internal"
"GET","/load","","loadCart","src\routes\cart\cart.routes.ts","internal"
"GET","/:cartId","","getCart","src\routes\cart\cart.routes.ts","internal"
"POST","/:cartId/item","","addItem","src\routes\cart\cart.routes.ts","internal"
"PUT","/item/:cartItemId/quantity","","updateQuantity","src\routes\cart\cart.routes.ts","internal"
"DELETE","/item/:cartItemId","","removeItem","src\routes\cart\cart.routes.ts","internal"
"POST","/checkout","customerAuth","checkout","src\routes\cart.routes.ts","public"
"POST","/","adminAuth|adminRole(""manager"")","create","src\routes\categories.routes.ts","admin-internal"
"PUT","/:id","adminAuth|adminRole(""manager"")","update","src\routes\categories.routes.ts","admin-internal"
"DELETE","/:id","adminAuth|adminRole(""manager"")","remove","src\routes\categories.routes.ts","admin-internal"
"POST","/talk","adminAuth|adminRole(""manager"")","talk","src\routes\conversational.routes.ts","admin-internal"
"GET","/history","adminAuth|adminRole(""manager"")","history","src\routes\conversational.routes.ts","admin-internal"
"GET","/order","","getCourierOrderView","src\routes\courier\courier.routes.ts","driver"
"POST","/location/update","","updateCourierLocation","src\routes\courier\courier.routes.ts","driver"
"POST","/location","","inline","src\routes\courier.ts","driver"
"POST","/status","","inline","src\routes\courier.ts","driver"
"GET","/orders/:courierId","","inline","src\routes\courier.ts","driver"
"POST","/claim","","claim","src\routes\couriers.routes.ts","driver"
"POST","/status","courierAuth","updateStatus","src\routes\couriers.routes.ts","driver"
"POST","/location","courierAuth","updateLocation","src\routes\courierTracking.routes.ts","driver"
"POST","/event","courierAuth","addEvent","src\routes\courierTracking.routes.ts","driver"
"GET","/track/:orderId","customerAuth","customerTracking","src\routes\courierTracking.routes.ts","driver"
"GET","/manager/live-map","adminAuth|adminRole(""manager"")","managerLiveMap","src\routes\courierTracking.routes.ts","admin-internal"
"GET","/track/:token","","getCustomerTracking","src\routes\customer\customerTracking.routes.ts","public"
"POST","/register","","register","src\routes\customers.routes.ts","public"
"POST","/login","","login","src\routes\customers.routes.ts","public"
"POST","/refresh","","refresh","src\routes\customers.routes.ts","public"
"GET","/me","customerAuth","profile","src\routes\customers.routes.ts","public"
"GET","/profile","customerAuth","profile","src\routes\customers.routes.ts","public"
"PUT","/phone","customerAuth","updatePhone","src\routes\customers.routes.ts","public"
"POST","/addresses","customerAuth","addAddress","src\routes\customers.routes.ts","public"
"GET","/addresses","customerAuth","listAddresses","src\routes\customers.routes.ts","public"
"GET","/addresses/:id","customerAuth","getAddress","src\routes\customers.routes.ts","public"
"PUT","/addresses/:id","customerAuth","updateAddress","src\routes\customers.routes.ts","public"
"DELETE","/addresses/:id","customerAuth","deleteAddress","src\routes\customers.routes.ts","public"
"GET","/global/revenue","adminAuth|adminRole(""admin"")","globalRevenue","src\routes\dashboard.routes.ts","admin-internal"
"GET","/global/orders","adminAuth|adminRole(""admin"")","globalOrders","src\routes\dashboard.routes.ts","admin-internal"
"GET","/global/searches","adminAuth|adminRole(""admin"")","topSearches","src\routes\dashboard.routes.ts","admin-internal"
"GET","/global/loyalty","adminAuth|adminRole(""admin"")","loyaltyStats","src\routes\dashboard.routes.ts","admin-internal"
"GET","/global/customers","adminAuth|adminRole(""admin"")","customerStats","src\routes\dashboard.routes.ts","admin-internal"
"GET","/branch/:branchId/revenue","adminAuth|adminRole(""manager"")","branchRevenue","src\routes\dashboard.routes.ts","admin-internal"
"GET","/branch/:branchId/orders","adminAuth|adminRole(""manager"")","branchOrders","src\routes\dashboard.routes.ts","admin-internal"
"GET","/branch/:branchId/menu","adminAuth|adminRole(""manager"")","menuPerformance","src\routes\dashboard.routes.ts","admin-internal"
"GET","/branch/:branchId/couriers","adminAuth|adminRole(""manager"")","courierPerformance","src\routes\dashboard.routes.ts","admin-internal"
"POST","/run","adminAuth|adminRole(""manager"")","run","src\routes\decisionEngine.routes.ts","admin-internal"
"GET","/logs","adminAuth|adminRole(""manager"")","logs","src\routes\decisionEngine.routes.ts","admin-internal"
"POST","/calculate","customerAuth","calculate","src\routes\deliveryFee.routes.ts","public"
"PUT","/zone/:branchId","adminAuth|adminRole(""manager"")","setZone","src\routes\deliveryFee.routes.ts","admin-internal"
"GET","/zone/:branchId","adminAuth|adminRole(""manager"")","getZone","src\routes\deliveryFee.routes.ts","admin-internal"
"GET","/available","","getAvailableDriversController","src\routes\drivers.ts","driver"
"GET","/:driverId","","getDriverController","src\routes\drivers.ts","driver"
"POST","/item","adminAuth|adminRole(""manager"")","optimizeItem","src\routes\dynamicPricing.routes.ts","admin-internal"
"POST","/branch","adminAuth|adminRole(""manager"")","optimizeBranch","src\routes\dynamicPricing.routes.ts","admin-internal"
"POST","/add","customerAuth","add","src\routes\favorites.routes.ts","public"
"POST","/remove","customerAuth","remove","src\routes\favorites.routes.ts","public"
"GET","/list","customerAuth","list","src\routes\favorites.routes.ts","public"
"GET","/analytics/most-favorited","adminAuth|adminRole(""manager"")","mostFavorited","src\routes\favorites.routes.ts","admin-internal"
"GET","/full","adminAuth|adminRole(""manager"")","fullForecast","src\routes\forecasting.routes.ts","admin-internal"
"POST","/score","adminAuth|adminRole(""admin"")","scoreOrder","src\routes\fraud.routes.ts","admin-internal"
"GET","/risk/:orderId","adminAuth|adminRole(""admin"")","getRisk","src\routes\fraud.routes.ts","admin-internal"
"GET","/flags","adminAuth|adminRole(""admin"")","flags","src\routes\fraud.routes.ts","admin-internal"
"GET","/events/:orderId","adminAuth|adminRole(""admin"")","events","src\routes\fraud.routes.ts","admin-internal"
"GET","/","","inline","src\routes\health.ts","internal"
"GET","/summary","adminAuth|adminRole(""manager"")","summary","src\routes\intelligence.routes.ts","admin-internal"
"POST","/report","adminAuth|adminRole(""manager"")","report","src\routes\intelligence.routes.ts","admin-internal"
"GET","/logs","adminAuth|adminRole(""manager"")","logs","src\routes\intelligence.routes.ts","admin-internal"
"GET","/orders","kdsAuth","getOrders","src\routes\kds.routes.ts","kds"
"POST","/status","kdsAuth","updateStatus","src\routes\kds.routes.ts","kds"
"GET","/orders/:branchId","","inline","src\routes\kds.ts","kds"
"POST","/orders/:id/status","","inline","src\routes\kds.ts","kds"
"POST","/orders/:id/assign-courier","","inline","src\routes\kds.ts","kds"
"POST","/analyze","adminAuth|adminRole(""manager"")","analyze","src\routes\knowledgeGraph.routes.ts","admin-internal"
"GET","/insights","adminAuth|adminRole(""manager"")","insights","src\routes\knowledgeGraph.routes.ts","admin-internal"
"GET","/points","customerAuth","getPoints","src\routes\loyalty.routes.ts","loyalty"
"POST","/redeem","customerAuth","redeemReward","src\routes\loyalty.routes.ts","loyalty"
"POST","/promo","customerAuth","applyPromoCode","src\routes\loyalty.routes.ts","loyalty"
"POST","/referral","customerAuth","applyReferral","src\routes\loyalty.routes.ts","loyalty"
"GET","/rewards","","listRewards","src\routes\loyalty.routes.ts","loyalty"
"POST","/rewards","adminAuth|adminRole(""manager"")","inline","src\routes\loyalty.routes.ts","admin-internal"
"POST","/promo","adminAuth|adminRole(""manager"")","inline","src\routes\loyalty.routes.ts","admin-internal"
"POST","/save","adminAuth|adminRole(""manager"")","save","src\routes\ltml.routes.ts","admin-internal"
"POST","/trends","adminAuth|adminRole(""manager"")","trends","src\routes\ltml.routes.ts","admin-internal"
"GET","/summary","adminAuth|adminRole(""manager"")","summary","src\routes\ltml.routes.ts","admin-internal"
"GET","/segment/:customerId","adminAuth|adminRole(""manager"")","segment","src\routes\ltvChurn.routes.ts","admin-internal"
"GET","/branch","adminAuth|adminRole(""manager"")","branchSegments","src\routes\ltvChurn.routes.ts","admin-internal"
"GET","/menu","adminAuth|adminRole(""manager"")","menu","src\routes\managerDashboard.routes.ts","admin-internal"
"POST","/menu/availability","adminAuth|adminRole(""manager"")","setItemAvailability","src\routes\managerDashboard.routes.ts","admin-internal"
"GET","/orders","adminAuth|adminRole(""manager"")","orders","src\routes\managerDashboard.routes.ts","admin-internal"
"GET","/couriers","adminAuth|adminRole(""manager"")","couriers","src\routes\managerDashboard.routes.ts","admin-internal"
"GET","/terminals","adminAuth|adminRole(""manager"")","terminals","src\routes\managerDashboard.routes.ts","terminal"
"GET","/schedule","adminAuth|adminRole(""manager"")","getSchedule","src\routes\managerDashboard.routes.ts","admin-internal"
"POST","/schedule","adminAuth|adminRole(""manager"")","updateSchedule","src\routes\managerDashboard.routes.ts","admin-internal"
"PUT","/marketing-preferences","customerAuth","inline","src\routes\marketing.ts","public"
"GET","/loyalty","customerAuth","inline","src\routes\marketing.ts","loyalty"
"GET","/","cacheMiddleware({ ttl: 30, keyPrefix: ""menu"" })","listMenu","src\routes\menu.routes.ts","internal"
"POST","/category","adminAuth|adminRole(""manager"")","createCategory","src\routes\menu.routes.ts","admin-internal"
"PUT","/category/:id","adminAuth|adminRole(""manager"")","updateCategory","src\routes\menu.routes.ts","admin-internal"
"DELETE","/category/:id","adminAuth|adminRole(""manager"")","deleteCategory","src\routes\menu.routes.ts","admin-internal"
"POST","/item","adminAuth|adminRole(""manager"")","createItem","src\routes\menu.routes.ts","admin-internal"
"PUT","/item/:id","adminAuth|adminRole(""manager"")","updateItem","src\routes\menu.routes.ts","admin-internal"
"DELETE","/item/:id","adminAuth|adminRole(""manager"")","deleteItem","src\routes\menu.routes.ts","admin-internal"
"POST","/variant","adminAuth|adminRole(""manager"")","createVariant","src\routes\menu.routes.ts","admin-internal"
"PUT","/variant/:id","adminAuth|adminRole(""manager"")","updateVariant","src\routes\menu.routes.ts","admin-internal"
"DELETE","/variant/:id","adminAuth|adminRole(""manager"")","deleteVariant","src\routes\menu.routes.ts","admin-internal"
"PUT","/item/:id/availability","","setItemAvailability","src\routes\menu.routes.ts","internal"
"PUT","/variant/:id/availability","","setVariantAvailability","src\routes\menu.routes.ts","internal"
"GET","/","","inline","src\routes\menu.ts","internal"
"POST","/","adminAuth|adminRole(""manager"")","createItem","src\routes\menuItems.routes.ts","admin-internal"
"PUT","/:id","adminAuth|adminRole(""manager"")","updateItem","src\routes\menuItems.routes.ts","admin-internal"
"DELETE","/:id","adminAuth|adminRole(""manager"")","deleteItem","src\routes\menuItems.routes.ts","admin-internal"
"GET","/optimize","adminAuth|adminRole(""manager"")","optimize","src\routes\menuOptimization.routes.ts","admin-internal"
"GET","/","","inline","src\routes\metrics.ts","internal"
"POST","/ask","adminAuth|adminRole(""manager"")","ask","src\routes\nlae.routes.ts","admin-internal"
"GET","/history","adminAuth|adminRole(""manager"")","history","src\routes\nlae.routes.ts","admin-internal"
"PUT","/preferences","customerAuth","updatePreferences","src\routes\notifications.routes.ts","public"
"POST","/marketing/sms","adminAuth|adminRole(""manager"")","sendMarketingSMS","src\routes\notifications.routes.ts","admin-internal"
"POST","/validate","","inline","src\routes\offers.routes.ts","internal"
"POST","/run","adminAuth|adminRole(""manager"")","run","src\routes\optimizationLoop.routes.ts","admin-internal"
"GET","/logs","adminAuth|adminRole(""manager"")","logs","src\routes\optimizationLoop.routes.ts","admin-internal"
"POST","/run","adminAuth|adminRole(""manager"")","runAll","src\routes\orchestration.routes.ts","admin-internal"
"POST","/trigger","adminAuth|adminRole(""manager"")","trigger","src\routes\orchestration.routes.ts","admin-internal"
"GET","/logs","adminAuth|adminRole(""manager"")","logs","src\routes\orchestration.routes.ts","admin-internal"
"POST","/create","customerAuth|validate(createOrderSchema)","createOrder","src\routes\order\order.routes.ts","public"
"PUT","/:orderId/status","adminAuth|validate(updateOrderStatusSchema)","updateStatus","src\routes\order\order.routes.ts","admin-internal"
"POST","/confirm-payment","customerAuth","confirmExternalPayment","src\routes\order\order.routes.ts","public"
"PUT","/:orderId/picked-up","adminAuth","courierPickup","src\routes\order\order.routes.ts","admin-internal"
"GET","/active","adminAuth","getActiveOrders","src\routes\order\order.routes.ts","admin-internal"
"GET","/:orderId","adminAuth","getOrder","src\routes\order\order.routes.ts","admin-internal"
"POST","/create","customerAuth","createOrder","src\routes\order\orderLifecycle.routes.ts","public"
"POST","/confirm-payment","customerAuth","confirmExternalPayment","src\routes\order\orderLifecycle.routes.ts","public"
"POST","/:id/preparing","","preparing","src\routes\order\orderLifecycle.routes.ts","internal"
"POST","/:id/ready","","ready","src\routes\order\orderLifecycle.routes.ts","internal"
"POST","/:id/completed","","completed","src\routes\order\orderLifecycle.routes.ts","internal"
"POST","/:id/reject","","reject","src\routes\order\orderLifecycle.routes.ts","internal"
"POST","/","","create","src\routes\orders.routes.ts","internal"
"GET","/branch/:branchId","adminAuth|adminRole(""manager"")","listBranchOrders","src\routes\orders.routes.ts","admin-internal"
"PUT","/:id/status","adminAuth|adminRole(""manager"")","updateStatus","src\routes\orders.routes.ts","admin-internal"
"POST","/courier/claim","courierAuth","courierClaim","src\routes\orders.routes.ts","driver"
"POST","/courier/picked-up","courierAuth","courierPickedUp","src\routes\orders.routes.ts","driver"
"POST","/courier/delivered","courierAuth","courierDelivered","src\routes\orders.routes.ts","driver"
"POST","/create","","inline","src\routes\orders.ts","internal"
"GET","/customer/:id","customerAuth","inline","src\routes\orders.ts","public"
"POST","/calculate","customerAuth","inline","src\routes\payment.routes.ts","public"
"POST","/finalize","customerAuth","inline","src\routes\payment.routes.ts","public"
"POST","/stripe/create-intent","","createStripeIntent","src\routes\payments.routes.ts","webhook"
"POST","/paypal/create-order","","createPayPalOrder","src\routes\payments.routes.ts","webhook"
"POST","/paypal/capture","","capturePayPalOrder","src\routes\payments.routes.ts","webhook"
"POST","/refund/:id","adminAuth|adminRole(""manager"")","refund","src\routes\payments.routes.ts","admin-internal"
"POST","/","","paypalWebhookHandler","src\routes\paypal\paypalWebhook.routes.ts","webhook"
"POST","/order/:id","","printOrder","src\routes\print\print.routes.ts","internal"
"GET","/order/:tracking_token","","inline","src\routes\public.routes.ts","public"
"GET","/","customerAuth","recommend","src\routes\recommendation.routes.ts","public"
"POST","/","customerAuth","submit","src\routes\review.routes.ts","public"
"PUT","/:reviewId","customerAuth","update","src\routes\review.routes.ts","public"
"DELETE","/:reviewId","customerAuth","delete","src\routes\review.routes.ts","public"
"POST","/item","customerAuth","rateItem","src\routes\review.routes.ts","public"
"GET","/branch","adminAuth|adminRole(""manager"")","branchReviews","src\routes\review.routes.ts","admin-internal"
"GET","/branch/rating","adminAuth|adminRole(""manager"")","branchRating","src\routes\review.routes.ts","admin-internal"
"GET","/menu","","menu","src\routes\search.routes.ts","public"
"GET","/branches","","branches","src\routes\search.routes.ts","internal"
"GET","/categories","","categories","src\routes\search.routes.ts","internal"
"GET","/analytics/top","adminAuth|adminRole(""manager"")","topSearches","src\routes\search.routes.ts","admin-internal"
"GET","/plan","adminAuth|adminRole(""manager"")","fullPlan","src\routes\staffingPrep.routes.ts","admin-internal"
"GET","/status","","inline","src\routes\sunmi.ts","printer"
"POST","/print","","inline","src\routes\sunmi.ts","printer"
"POST","/order-push","","inline","src\routes\sunmi.ts","printer"
"POST","/order-status","","inline","src\routes\sunmi.ts","printer"
"GET","/orders","","getTerminalOrders","src\routes\terminal\terminal.routes.ts","terminal"
"GET","/order/:id","","getTerminalOrderDetails","src\routes\terminal\terminal.routes.ts","terminal"
"POST","/activate","validate(activateTerminalSchema)","activate","src\routes\terminal.routes.ts","terminal"
"POST","/register","validate(registerTerminalSchema)","register","src\routes\terminal.routes.ts","terminal"
"POST","/login","validate(loginTerminalSchema)","login","src\routes\terminal.routes.ts","terminal"
"POST","/heartbeat","validateTerminalToken","heartbeat","src\routes\terminal.routes.ts","terminal"
"POST","/orders/:order_id/assign","validateTerminalToken|validate(assignOrderSchema)","assignOrder","src\routes\terminal.routes.ts","terminal"
"POST","/orders/:order_id/accept","validateTerminalToken|validate(acceptOrderSchema)","acceptOrder","src\routes\terminal.routes.ts","terminal"
"POST","/orders/:order_id/reject","validateTerminalToken|validate(rejectOrderSchema)","rejectOrder","src\routes\terminal.routes.ts","terminal"
"POST","/orders/:order_id/acknowledge","validateTerminalToken","acknowledgeOrder","src\routes\terminal.routes.ts","terminal"
"GET","/orders/stream","validateTerminalToken","ordersStream","src\routes\terminal.routes.ts","terminal"
"POST","/heartbeat","terminalAuth","inline","src\routes\terminal.routes.ts","terminal"
"POST","/error","terminalAuth","inline","src\routes\terminal.routes.ts","terminal"
"POST","/orders/:orderId/accept","terminalAuth","acceptOrder","src\routes\terminal.routes.ts","terminal"
"POST","/orders/:orderId/reject","terminalAuth","rejectOrder","src\routes\terminal.routes.ts","terminal"
"GET","/track/:token","","inline","src\routes\track.ts","public"
"GET","/track/order/:orderId","","inline","src\routes\track.ts","public"
"GET","/validate/:code","customerAuth","inline","src\routes\voucher.routes.ts","public"
"POST","/redeem","customerAuth","inline","src\routes\voucher.routes.ts","public"
"GET","/balance","customerAuth","inline","src\routes\wallet.routes.ts","public"
"GET","/transactions","customerAuth","inline","src\routes\wallet.routes.ts","public"
"POST","/add","customerAuth","inline","src\routes\wallet.routes.ts","public"
"POST","/deduct","customerAuth","inline","src\routes\wallet.routes.ts","public"
"POST","/stripe","express.raw({ type: ""application/json"" })","inline","src\routes\webhooks.routes.ts","webhook"
"POST","/paypal","","inline","src\routes\webhooks.routes.ts","webhook"